{"cameraMode":{"drawMode":0,"name":"Shaded","section":"Shading Mode"},"sceneLighting":false,"audioPlay":false,"sceneViewState":{"showFog":true,"showMaterialUpdate":true,"showSkybox":true,"showFlares":true,"showImageEffects":true,"showParticleSystems":true},"in2DMode":false,"pivot":{"x":0.5263617038726807,"y":10.135162353515625,"z":-2497.06640625},"rotation":{"x":-0.21717612445354463,"y":0.057647302746772769,"z":-0.012849985621869564,"w":-0.97434401512146},"size":2.8578836917877199,"orthographic":false}